date,channel,total_spend,attributed_orders,attributed_revenue,day_of_week,promo_flag,week_index
2025-07-04,email,19566.32,20,123248.3,4,0,0
2025-07-04,organic,5380.51,14,64098.51,4,0,0
2025-07-04,paid_social,157932.61,30,152446.28,4,0,0
2025-07-04,referral,32210.79,6,37622.67,4,0,0
2025-07-04,search,188257.71,43,243962.18,4,1,0
2025-07-05,email,18352.15,14,67385.24,5,0,0
2025-07-05,organic,4010.76,11,65332.79,5,0,0
2025-07-05,paid_social,130147.97,11,49038.96,5,0,0
2025-07-05,referral,32529.45,3,21740.03,5,0,0
2025-07-05,search,159676.14,34,215296.92,5,1,0
2025-07-06,email,17708.52,16,112209.0,6,0,0
2025-07-06,organic,4565.21,4,21258.460000000003,6,0,0
2025-07-06,paid_social,126196.48,11,55087.57,6,0,0
2025-07-06,referral,29244.95,3,17676.21,6,0,0
2025-07-06,search,164394.8,23,164301.12,6,0,0
2025-07-07,email,16110.2,16,84911.57,0,0,0
2025-07-07,organic,3856.91,3,29556.18,0,0,0
2025-07-07,paid_social,117923.28,15,114093.09,0,0,0
2025-07-07,referral,29280.44,8,57492.23,0,0,0
2025-07-07,search,142097.27000000002,38,256530.38,0,1,0
2025-07-08,email,16823.84,11,76576.5,1,0,0
2025-07-08,organic,3983.4300000000003,7,54191.56,1,0,0
2025-07-08,paid_social,112896.66,12,59661.41,1,0,0
2025-07-08,referral,28023.88,5,25856.280000000002,1,0,0
2025-07-08,search,164299.43,39,271125.23,1,1,0
2025-07-09,email,15581.03,10,61426.369999999995,2,0,0
2025-07-09,organic,4299.44,6,35246.53,2,0,0
2025-07-09,paid_social,103999.9,12,48765.58,2,0,0
2025-07-09,referral,25101.84,6,32599.6,2,0,0
2025-07-09,search,121643.62,21,149098.68,2,0,0
2025-07-10,email,15100.42,8,62885.380000000005,3,0,0
2025-07-10,organic,4000.9900000000002,11,71387.22,3,0,0
2025-07-10,paid_social,98717.89,10,53613.4,3,0,0
2025-07-10,referral,30758.420000000002,4,35416.47,3,0,0
2025-07-10,search,132412.64,36,223557.41,3,1,0
2025-07-11,email,18312.05,9,68278.33,4,0,1
2025-07-11,organic,3884.63,11,68785.85,4,0,1
2025-07-11,paid_social,126939.26,15,83897.39,4,0,1
2025-07-11,referral,25529.19,2,12119.09,4,0,1
2025-07-11,search,147756.83000000002,27,182009.38999999998,4,0,1
2025-07-12,email,17417.079999999998,17,139227.43,5,0,1
2025-07-12,organic,3601.62,8,33999.35,5,0,1
2025-07-12,paid_social,110709.56999999999,11,57923.520000000004,5,0,1
2025-07-12,referral,32635.16,6,41736.57,5,0,1
2025-07-12,search,152796.52,25,180386.3,5,0,1
2025-07-13,email,21663.329999999998,28,198730.15000000002,6,0,1
2025-07-13,organic,5270.34,15,88827.56,6,0,1
2025-07-13,paid_social,173139.99,29,155421.78999999998,6,0,1
2025-07-13,referral,43413.01,11,60513.26,6,0,1
2025-07-13,search,206584.52,39,199931.99,6,0,1
2025-07-14,email,16675.129999999997,12,91851.85,0,0,1
2025-07-14,organic,3758.0,9,76046.43,0,0,1
2025-07-14,paid_social,121136.74,15,71035.84,0,0,1
2025-07-14,referral,26919.32,4,25599.18,0,0,1
2025-07-14,search,131384.79,31,223290.12,0,1,1
2025-07-15,email,14510.97,9,47652.98,1,0,1
2025-07-15,organic,4215.09,8,47813.509999999995,1,0,1
2025-07-15,paid_social,114105.85,13,58197.76,1,0,1
2025-07-15,referral,24761.54,8,43265.96,1,0,1
2025-07-15,search,142963.8,39,241289.53,1,1,1
2025-07-16,email,15747.42,9,68926.74,2,0,1
2025-07-16,organic,4215.59,5,25719.7,2,0,1
2025-07-16,paid_social,117526.5,8,44310.84,2,0,1
2025-07-16,referral,29653.21,3,24888.869999999995,2,0,1
2025-07-16,search,110627.47,21,136807.67,2,0,1
2025-07-17,email,14927.800000000001,7,22932.77,3,0,1
2025-07-17,organic,3811.99,10,52966.86,3,0,1
2025-07-17,paid_social,119941.52,20,83357.7,3,0,1
2025-07-17,referral,28436.7,4,36800.97,3,0,1
2025-07-17,search,174418.03,39,233949.82,3,1,1
2025-07-18,email,16103.81,12,85322.55,4,0,2
2025-07-18,organic,4161.18,9,68742.66,4,0,2
2025-07-18,paid_social,114297.72,12,49624.03,4,0,2
2025-07-18,referral,32166.12,6,40339.64,4,0,2
2025-07-18,search,179857.0,38,286699.32,4,1,2
2025-07-19,email,17858.19,9,46926.04,5,0,2
2025-07-19,organic,4365.1900000000005,11,74987.37,5,0,2
2025-07-19,paid_social,126266.34,17,106311.41,5,0,2
2025-07-19,referral,33482.46,9,64587.24,5,0,2
2025-07-19,search,143372.95,36,243225.74,5,1,2
2025-07-20,email,19055.82,19,97841.77,6,0,2
2025-07-20,organic,3718.44,19,85802.86,6,0,2
2025-07-20,paid_social,151109.04,13,93375.13,6,0,2
2025-07-20,referral,32120.98,4,16313.380000000001,6,0,2
2025-07-20,search,187189.37,28,195620.57,6,0,2
2025-07-21,email,15359.34,11,91613.58,0,0,2
2025-07-21,organic,4137.04,10,53862.78,0,0,2
2025-07-21,paid_social,134805.76,9,47969.45,0,0,2
2025-07-21,referral,27835.2,1,7162.02,0,0,2
2025-07-21,search,141601.0,28,267506.96,0,1,2
2025-07-22,email,15275.43,7,22785.99,1,0,2
2025-07-22,organic,3957.68,10,64472.18,1,0,2
2025-07-22,paid_social,108876.66,10,49967.479999999996,1,0,2
2025-07-22,referral,25894.97,3,19385.84,1,0,2
2025-07-22,search,133407.05,41,264366.66,1,1,2
2025-07-23,email,18267.97,19,102849.15000000001,2,0,2
2025-07-23,organic,3919.15,2,11839.130000000001,2,0,2
2025-07-23,paid_social,117877.34,18,87221.74,2,0,2
2025-07-23,referral,30119.83,4,29840.38,2,0,2
2025-07-23,search,145621.53,14,72843.77,2,0,2
2025-07-24,email,11762.55,14,64357.05,3,0,2
2025-07-24,organic,3791.79,12,83071.19,3,0,2
2025-07-24,paid_social,111041.96,8,51914.91,3,0,2
2025-07-24,referral,26275.54,2,19506.510000000002,3,0,2
2025-07-24,search,113524.91,24,156676.08,3,0,2
2025-07-25,email,16424.04,20,126341.09,4,0,3
2025-07-25,organic,4137.76,8,50804.06,4,0,3
2025-07-25,paid_social,122060.12,21,131711.23,4,0,3
2025-07-25,referral,28336.66,8,49055.28,4,0,3
2025-07-25,search,152349.72,30,166287.96,4,0,3
2025-07-26,email,17473.39,13,112530.31,5,0,3
2025-07-26,organic,4659.77,9,64695.04,5,0,3
2025-07-26,paid_social,140952.79,12,50011.51,5,0,3
2025-07-26,referral,30627.5,8,47849.49,5,0,3
2025-07-26,search,129928.97,29,197519.97,5,0,3
2025-07-27,email,18269.57,17,115298.7,6,0,3
2025-07-27,organic,3971.09,7,52996.04000000001,6,0,3
2025-07-27,paid_social,116453.6,12,91091.39,6,0,3
2025-07-27,referral,33038.49,9,41802.59,6,0,3
2025-07-27,search,143744.13,31,240480.28,6,1,3
2025-07-28,email,14523.18,7,37436.97,0,0,3
2025-07-28,organic,4694.21,10,45911.87,0,0,3
2025-07-28,paid_social,125284.3,17,128711.21,0,0,3
2025-07-28,referral,28265.45,9,66223.54000000001,0,0,3
2025-07-28,search,128644.02,32,209311.3,0,1,3
2025-07-29,email,14865.73,6,44422.43,1,0,3
2025-07-29,organic,3868.3999999999996,6,27700.14,1,0,3
2025-07-29,paid_social,125516.22,11,48699.2,1,0,3
2025-07-29,referral,28963.95,3,34135.66,1,0,3
2025-07-29,search,139364.48,31,244215.81,1,1,3
2025-07-30,email,14177.78,14,84251.65000000001,2,0,3
2025-07-30,organic,3779.45,3,28651.670000000002,2,0,3
2025-07-30,paid_social,108261.37000000001,7,26024.12,2,0,3
2025-07-30,referral,27335.67,9,56516.87,2,0,3
2025-07-30,search,148290.46000000002,31,221562.33,2,1,3
2025-07-31,email,15319.91,14,97690.87,3,0,3
2025-07-31,organic,4160.95,13,68633.34,3,0,3
2025-07-31,paid_social,131671.87,6,31367.05,3,0,3
2025-07-31,referral,27399.33,3,16210.119999999999,3,0,3
2025-07-31,search,158379.74,34,269212.55,3,1,3
2025-08-01,email,16548.37,8,42017.65,4,0,4
2025-08-01,organic,4345.49,3,23229.73,4,0,4
2025-08-01,paid_social,110016.36,12,53601.68,4,0,4
2025-08-01,referral,30516.010000000002,1,10720.87,4,0,4
2025-08-01,search,146014.85,38,238439.49,4,1,4
2025-08-02,email,16285.82,11,99392.85,5,0,4
2025-08-02,organic,4880.07,10,61332.520000000004,5,0,4
2025-08-02,paid_social,137969.15,14,79392.87,5,0,4
2025-08-02,referral,29826.16,3,10944.86,5,0,4
2025-08-02,search,156028.84,27,193179.52,5,0,4
2025-08-03,email,18529.43,9,54937.95,6,0,4
2025-08-03,organic,4433.45,9,77505.46,6,0,4
2025-08-03,paid_social,144336.31,9,48803.61,6,0,4
2025-08-03,referral,33877.36,2,12043.099999999999,6,0,4
2025-08-03,search,171931.16,20,158605.74,6,0,4
2025-08-04,email,15360.92,9,53526.020000000004,0,0,4
2025-08-04,organic,4404.38,5,33132.17,0,0,4
2025-08-04,paid_social,134403.97,9,73073.41,0,0,4
2025-08-04,referral,25540.34,1,17224.920000000002,0,0,4
2025-08-04,search,135502.83,30,186699.8,0,0,4
2025-08-05,email,15721.8,12,70798.22,1,0,4
2025-08-05,organic,4003.31,6,48658.52,1,0,4
2025-08-05,paid_social,100988.65,10,51391.01,1,0,4
2025-08-05,referral,27629.02,8,38856.76,1,0,4
2025-08-05,search,150324.34,21,122011.31,1,0,4
2025-08-06,email,13483.35,16,121894.1,2,0,4
2025-08-06,organic,3994.59,6,33633.77,2,0,4
2025-08-06,paid_social,110320.01999999999,11,67226.47,2,0,4
2025-08-06,referral,32643.64,0,0.0,2,0,4
2025-08-06,search,127808.87,25,180559.72,2,0,4
2025-08-07,email,16566.38,9,43819.0,3,0,4
2025-08-07,organic,3598.75,5,33351.64,3,0,4
2025-08-07,paid_social,117607.79000000001,16,94106.94,3,0,4
2025-08-07,referral,26682.59,5,22999.15,3,0,4
2025-08-07,search,131150.44,27,163592.07,3,0,4
2025-08-08,email,18638.49,16,95211.9,4,0,5
2025-08-08,organic,4606.04,10,54016.73,4,0,5
2025-08-08,paid_social,130434.79000000001,22,148034.34,4,0,5
2025-08-08,referral,32417.809999999998,3,16591.45,4,0,5
2025-08-08,search,169433.13,40,247755.7,4,1,5
2025-08-09,email,14691.5,13,66558.76000000001,5,0,5
2025-08-09,organic,5212.26,11,66681.55,5,0,5
2025-08-09,paid_social,131125.48,25,149626.93,5,0,5
2025-08-09,referral,32226.5,2,8353.45,5,0,5
2025-08-09,search,146999.53,32,217470.4,5,1,5
2025-08-10,email,16733.21,13,86816.4,6,0,5
2025-08-10,organic,4557.5,13,90646.73000000001,6,0,5
2025-08-10,paid_social,154874.69,19,117202.91,6,0,5
2025-08-10,referral,33692.95,4,29110.11,6,0,5
2025-08-10,search,178151.22,27,175529.97,6,0,5
2025-08-11,email,19002.79,21,115301.12,0,0,5
2025-08-11,organic,5186.9,20,136930.08,0,0,5
2025-08-11,paid_social,156070.28,23,133199.05,0,0,5
2025-08-11,referral,33397.15,4,20760.33,0,0,5
2025-08-11,search,177070.05,44,266537.61,0,1,5
2025-08-12,email,16980.12,15,99851.78,1,0,5
2025-08-12,organic,3619.91,7,47821.21000000001,1,0,5
2025-08-12,paid_social,116420.65000000001,7,33385.47,1,0,5
2025-08-12,referral,29868.58,1,9966.77,1,0,5
2025-08-12,search,121154.06,27,209186.45,1,1,5
2025-08-13,email,17988.09,19,100381.26,2,0,5
2025-08-13,organic,4248.38,15,110255.92,2,0,5
2025-08-13,paid_social,155867.94,10,55304.42,2,0,5
2025-08-13,referral,38923.17,5,41498.28,2,0,5
2025-08-13,search,163617.46,44,236144.65,2,1,5
2025-08-14,email,17275.27,18,89051.28,3,0,5
2025-08-14,organic,4948.45,6,35084.57,3,0,5
2025-08-14,paid_social,149923.65,25,155651.62,3,0,5
2025-08-14,referral,34581.08,6,57759.770000000004,3,0,5
2025-08-14,search,202946.47,39,231919.44,3,1,5
2025-08-15,email,22836.03,30,209820.84,4,1,6
2025-08-15,organic,5186.66,12,83550.38,4,0,6
2025-08-15,paid_social,158687.54,25,139407.25,4,0,6
2025-08-15,referral,28618.67,10,66262.95,4,0,6
2025-08-15,search,185183.65,42,255439.41999999998,4,1,6
2025-08-16,email,23232.63,39,263734.45,5,1,6
2025-08-16,organic,6257.63,13,100681.05,5,0,6
2025-08-16,paid_social,161713.04,28,132457.16,5,0,6
2025-08-16,referral,38542.270000000004,12,71869.6,5,0,6
2025-08-16,search,239157.44,33,183096.13,5,0,6
2025-08-17,email,22974.48,23,159973.21,6,0,6
2025-08-17,organic,5139.41,23,155693.68,6,0,6
2025-08-17,paid_social,176795.85,23,112483.5,6,0,6
2025-08-17,referral,41133.17,8,58945.82,6,0,6
2025-08-17,search,226730.72,34,210424.68,6,1,6
2025-08-18,email,20606.14,19,81764.93000000001,0,0,6
2025-08-18,organic,4470.389999999999,7,42564.81,0,0,6
2025-08-18,paid_social,140041.01,21,113064.48999999999,0,0,6
2025-08-18,referral,33531.51,11,57745.73,0,0,6
2025-08-18,search,180857.56,31,187645.33000000002,0,0,6
2025-08-19,email,17870.6,24,158591.85,1,0,6
2025-08-19,organic,4670.41,13,51784.86,1,0,6
2025-08-19,paid_social,163884.86,20,124517.58,1,0,6
2025-08-19,referral,39561.92,13,68478.01,1,0,6
2025-08-19,search,169214.66,36,212775.61,1,1,6
2025-08-20,email,19435.95,19,117383.61,2,0,6
2025-08-20,organic,5088.93,15,90811.57,2,0,6
2025-08-20,paid_social,141428.79,19,125796.68000000001,2,0,6
2025-08-20,referral,40874.729999999996,11,63733.13,2,0,6
2025-08-20,search,146661.31,42,254914.66,2,1,6
2025-08-21,email,15366.23,12,71029.9,3,0,6
2025-08-21,organic,3464.61,8,29629.76,3,0,6
2025-08-21,paid_social,116277.18,9,65090.479999999996,3,0,6
2025-08-21,referral,27371.05,4,14664.259999999998,3,0,6
2025-08-21,search,139741.5,32,204449.28,3,0,6
2025-08-22,email,15525.51,7,47134.74,4,0,7
2025-08-22,organic,3930.2599999999998,6,23813.870000000003,4,0,7
2025-08-22,paid_social,142075.41,13,88041.02,4,0,7
2025-08-22,referral,28915.030000000002,5,34492.130000000005,4,0,7
2025-08-22,search,150545.18,38,281125.31,4,1,7
2025-08-23,email,12125.38,14,111011.24,5,0,7
2025-08-23,organic,5018.55,13,62001.17,5,0,7
2025-08-23,paid_social,142307.6,7,49390.59,5,0,7
2025-08-23,referral,37438.729999999996,4,23654.19,5,0,7
2025-08-23,search,138486.51,27,263387.19,5,1,7
2025-08-24,email,17633.16,12,65564.02,6,0,7
2025-08-24,organic,4857.42,5,38740.11,6,0,7
2025-08-24,paid_social,124470.12,12,84152.56,6,0,7
2025-08-24,referral,36329.34,8,56399.729999999996,6,0,7
2025-08-24,search,160056.88999999998,33,210737.29,6,1,7
2025-08-25,email,15228.18,15,101963.69,0,0,7
2025-08-25,organic,2905.34,8,49428.06,0,0,7
2025-08-25,paid_social,113487.51999999999,7,61843.43,0,0,7
2025-08-25,referral,26978.35,6,24122.33,0,0,7
2025-08-25,search,152950.96,30,194358.51,0,0,7
2025-08-26,email,13942.12,13,66296.64,1,0,7
2025-08-26,organic,4610.32,8,53461.87,1,0,7
2025-08-26,paid_social,144285.34,10,77075.96,1,0,7
2025-08-26,referral,25713.64,12,76786.68000000001,1,0,7
2025-08-26,search,130106.28,29,164026.77,1,0,7
2025-08-27,email,16798.24,11,86731.56,2,0,7
2025-08-27,organic,4706.49,8,70344.31999999999,2,0,7
2025-08-27,paid_social,111496.89,13,79834.65,2,0,7
2025-08-27,referral,24856.690000000002,5,32947.54,2,0,7
2025-08-27,search,120581.28,32,244779.67,2,1,7
2025-08-28,email,17192.97,12,87924.18000000001,3,0,7
2025-08-28,organic,3835.2799999999997,11,70088.19,3,0,7
2025-08-28,paid_social,135738.88,15,63841.45999999999,3,0,7
2025-08-28,referral,28170.809999999998,6,32789.29,3,0,7
2025-08-28,search,128202.56999999999,26,158262.13,3,0,7
2025-08-29,email,16357.92,13,63054.43,4,0,8
2025-08-29,organic,4609.6,3,12257.51,4,0,8
2025-08-29,paid_social,119722.24,17,65949.51000000001,4,0,8
2025-08-29,referral,27413.85,8,54190.27,4,0,8
2025-08-29,search,132968.49,17,110239.79000000001,4,0,8
2025-08-30,email,19395.76,13,77551.8,5,0,8
2025-08-30,organic,4882.1900000000005,9,53877.240000000005,5,0,8
2025-08-30,paid_social,121651.77,13,57215.03,5,0,8
2025-08-30,referral,29939.260000000002,10,62278.9,5,0,8
2025-08-30,search,167068.35,31,189990.88,5,0,8
2025-08-31,email,16801.04,5,39145.68,6,0,8
2025-08-31,organic,4856.02,8,35312.32,6,0,8
2025-08-31,paid_social,160159.37,18,120974.89,6,0,8
2025-08-31,referral,30803.48,4,21472.95,6,0,8
2025-08-31,search,168971.71000000002,27,134647.22,6,0,8
2025-09-01,email,14378.01,10,63178.29,0,0,8
2025-09-01,organic,4153.4800000000005,6,45898.91,0,0,8
2025-09-01,paid_social,113595.7,10,38008.880000000005,0,0,8
2025-09-01,referral,28778.47,9,66906.29,0,0,8
2025-09-01,search,141818.02,31,187510.95,0,0,8
2025-09-02,email,16340.48,7,46775.88,1,0,8
2025-09-02,organic,4636.78,3,11419.87,1,0,8
2025-09-02,paid_social,109376.98999999999,9,38753.57,1,0,8
2025-09-02,referral,23761.3,4,46973.299999999996,1,0,8
2025-09-02,search,142518.58000000002,24,151933.0,1,0,8
2025-09-03,email,16997.65,14,118610.78,2,0,8
2025-09-03,organic,3561.9900000000002,4,24575.96,2,0,8
2025-09-03,paid_social,101884.83,10,64755.5,2,0,8
2025-09-03,referral,28687.3,5,42846.5,2,0,8
2025-09-03,search,154228.91999999998,24,153850.41,2,0,8
2025-09-04,email,15926.91,7,41547.240000000005,3,0,8
2025-09-04,organic,4076.44,4,29780.0,3,0,8
2025-09-04,paid_social,114340.73999999999,14,72545.92,3,0,8
2025-09-04,referral,29603.43,3,20271.969999999998,3,0,8
2025-09-04,search,138165.52,30,184849.63,3,0,8
2025-09-05,email,17442.2,7,36270.28,4,0,9
2025-09-05,organic,5035.7,7,37324.33,4,0,9
2025-09-05,paid_social,111684.77,12,72056.23,4,0,9
2025-09-05,referral,31389.22,5,40360.759999999995,4,0,9
2025-09-05,search,143516.35,31,212802.07,4,1,9
2025-09-06,email,16996.15,12,69965.92000000001,5,0,9
2025-09-06,organic,4319.55,6,31558.010000000002,5,0,9
2025-09-06,paid_social,145436.78,10,49659.740000000005,5,0,9
2025-09-06,referral,30039.22,3,29376.22,5,0,9
2025-09-06,search,174477.51,20,165587.09,5,0,9
2025-09-07,email,18810.88,15,92684.0,6,0,9
2025-09-07,organic,5069.3,13,54485.64,6,0,9
2025-09-07,paid_social,169294.54,15,92914.17,6,0,9
2025-09-07,referral,29532.27,3,20437.5,6,0,9
2025-09-07,search,169562.49,35,238933.59,6,1,9
2025-09-08,email,16621.55,13,131817.62,0,0,9
2025-09-08,organic,4542.88,8,63932.369999999995,0,0,9
2025-09-08,paid_social,117337.32,12,79402.76999999999,0,0,9
2025-09-08,referral,28730.53,6,53096.020000000004,0,0,9
2025-09-08,search,150271.73,30,185118.41,0,0,9
2025-09-09,email,14928.94,18,96453.55,1,0,9
2025-09-09,organic,4001.8,6,48917.54,1,0,9
2025-09-09,paid_social,126728.16,11,74441.67,1,0,9
2025-09-09,referral,27668.95,4,20723.88,1,0,9
2025-09-09,search,138955.38,28,159747.67,1,0,9
2025-09-10,email,14351.99,13,64414.56,2,0,9
2025-09-10,organic,3406.33,9,81305.39,2,0,9
2025-09-10,paid_social,109178.94,17,102990.5,2,0,9
2025-09-10,referral,28756.52,4,29218.71,2,0,9
2025-09-10,search,149171.13,39,257520.05000000002,2,1,9
2025-09-11,email,17255.36,20,155163.64,3,0,9
2025-09-11,organic,4174.46,13,68030.93,3,0,9
2025-09-11,paid_social,112581.81,22,121488.1,3,0,9
2025-09-11,referral,31668.16,8,59644.97,3,0,9
2025-09-11,search,149228.76,26,150214.54,3,0,9
2025-09-12,email,18542.67,17,115638.14,4,0,10
2025-09-12,organic,4477.57,4,17245.32,4,0,10
2025-09-12,paid_social,143337.99,20,119241.62,4,0,10
2025-09-12,referral,29140.3,5,39481.82,4,0,10
2025-09-12,search,157101.89,30,230773.59000000003,4,1,10
2025-09-13,email,17601.170000000002,19,154207.11000000002,5,0,10
2025-09-13,organic,4675.28,10,74455.68,5,0,10
2025-09-13,paid_social,134767.51,9,49118.09,5,0,10
2025-09-13,referral,32228.850000000002,6,40214.93,5,0,10
2025-09-13,search,152510.01,34,249178.40999999997,5,1,10
2025-09-14,email,18980.7,11,68796.33,6,0,10
2025-09-14,organic,4697.92,9,60738.53,6,0,10
2025-09-14,paid_social,135982.34,13,62920.32,6,0,10
2025-09-14,referral,32576.52,4,18925.059999999998,6,0,10
2025-09-14,search,171608.1,30,200519.77,6,0,10
2025-09-15,email,16136.86,15,114561.20999999999,0,0,10
2025-09-15,organic,3539.46,11,54531.89,0,0,10
2025-09-15,paid_social,137664.59,13,70704.52,0,0,10
2025-09-15,referral,28071.73,9,55562.45,0,0,10
2025-09-15,search,173536.97999999998,31,237382.32,0,1,10
2025-09-16,email,16811.3,5,37461.81,1,0,10
2025-09-16,organic,4422.36,11,68557.89,1,0,10
2025-09-16,paid_social,124588.05,11,58457.41,1,0,10
2025-09-16,referral,29974.54,7,37179.26,1,0,10
2025-09-16,search,140832.38,27,162823.90999999997,1,0,10
2025-09-17,email,16191.94,14,83154.43,2,0,10
2025-09-17,organic,3931.7,7,37638.48,2,0,10
2025-09-17,paid_social,106389.86,9,57387.09,2,0,10
2025-09-17,referral,28057.54,13,96120.97,2,0,10
2025-09-17,search,145887.35,27,170054.29,2,0,10
2025-09-18,email,16190.59,8,51179.71000000001,3,0,10
2025-09-18,organic,3835.32,10,57396.37,3,0,10
2025-09-18,paid_social,122448.85,13,73649.59000000001,3,0,10
2025-09-18,referral,27194.93,9,66037.77,3,0,10
2025-09-18,search,144585.87,28,198397.86000000002,3,0,10
2025-09-19,email,19416.7,20,117983.84,4,0,11
2025-09-19,organic,4014.88,4,13583.14,4,0,11
2025-09-19,paid_social,118687.73999999999,15,70637.87,4,0,11
2025-09-19,referral,32532.2,3,15113.240000000002,4,0,11
2025-09-19,search,155440.02,31,166470.88,4,0,11
2025-09-20,email,20188.26,9,43788.3,5,0,11
2025-09-20,organic,4606.5,16,99688.79000000001,5,0,11
2025-09-20,paid_social,131130.03,8,36319.37,5,0,11
2025-09-20,referral,29769.59,3,26044.230000000003,5,0,11
2025-09-20,search,177280.8,20,144867.02,5,0,11
2025-09-21,email,20108.9,13,75646.39,6,0,11
2025-09-21,organic,5220.99,11,71559.31999999999,6,0,11
2025-09-21,paid_social,134649.06,13,71521.33,6,0,11
2025-09-21,referral,29915.09,7,41463.44,6,0,11
2025-09-21,search,170444.53999999998,26,161313.89,6,0,11
2025-09-22,email,13990.38,16,96838.63,0,0,11
2025-09-22,organic,3841.65,8,46430.67,0,0,11
2025-09-22,paid_social,126283.9,12,71535.52,0,0,11
2025-09-22,referral,33203.78,1,17224.920000000002,0,0,11
2025-09-22,search,146168.63,34,208968.25,0,1,11
2025-09-23,email,14841.34,14,75033.25,1,0,11
2025-09-23,organic,3999.95,3,26502.409999999996,1,0,11
2025-09-23,paid_social,123129.92,10,60497.61,1,0,11
2025-09-23,referral,31303.65,10,72368.67000000001,1,0,11
2025-09-23,search,140016.63,33,222844.25,1,1,11
2025-09-24,email,16876.07,10,59065.990000000005,2,0,11
2025-09-24,organic,4401.64,11,76339.08,2,0,11
2025-09-24,paid_social,125345.81,18,97475.97,2,0,11
2025-09-24,referral,29810.74,8,52912.81999999999,2,0,11
2025-09-24,search,123426.23,29,195242.83,2,0,11
2025-09-25,email,19619.28,18,126391.64,3,0,11
2025-09-25,organic,4181.51,6,31508.09,3,0,11
2025-09-25,paid_social,144208.08000000002,17,124663.58,3,0,11
2025-09-25,referral,27968.81,5,40590.75,3,0,11
2025-09-25,search,139853.86000000002,16,132650.3,3,0,11
2025-09-26,email,14720.32,7,52675.33,4,0,12
2025-09-26,organic,4795.4400000000005,9,44889.41,4,0,12
2025-09-26,paid_social,142604.7,15,93032.94,4,0,12
2025-09-26,referral,27372.01,7,61419.61,4,0,12
2025-09-26,search,164276.28,41,265103.72,4,1,12
2025-09-27,email,17883.24,17,99220.42,5,0,12
2025-09-27,organic,4384.01,10,43162.59,5,0,12
2025-09-27,paid_social,141402.71,13,65151.35,5,0,12
2025-09-27,referral,27749.54,10,73624.69,5,0,12
2025-09-27,search,178596.03,33,217401.25,5,1,12
2025-09-28,email,18442.83,16,106645.81000000001,6,0,12
2025-09-28,organic,3829.17,14,95909.87,6,0,12
2025-09-28,paid_social,140960.43,16,96023.69,6,0,12
2025-09-28,referral,28661.63,2,7734.66,6,0,12
2025-09-28,search,179588.66,31,219824.16999999998,6,1,12
2025-09-29,email,17429.760000000002,6,37038.020000000004,0,0,12
2025-09-29,organic,4507.01,10,65032.62,0,0,12
2025-09-29,paid_social,120897.16,19,115799.92,0,0,12
2025-09-29,referral,28935.64,0,0.0,0,0,12
2025-09-29,search,172110.28,26,134817.19,0,0,12
2025-09-30,email,15361.57,10,41579.45,1,0,12
2025-09-30,organic,4122.41,8,44032.96,1,0,12
2025-09-30,paid_social,124166.78,8,31956.39,1,0,12
2025-09-30,referral,26698.64,2,18923.32,1,0,12
2025-09-30,search,119408.3,48,272326.0,1,1,12
2025-10-01,email,16619.75,20,129371.89000000001,2,0,12
2025-10-01,organic,3363.33,6,38237.0,2,0,12
2025-10-01,paid_social,128373.17,19,99219.19,2,0,12
2025-10-01,referral,26215.8,9,76178.1,2,0,12
2025-10-01,search,157823.61,26,148364.47,2,0,12
2025-10-02,email,19104.09,8,43608.21,3,0,12
2025-10-02,organic,4065.12,4,32070.390000000003,3,0,12
2025-10-02,paid_social,129355.84,12,81372.82,3,0,12
2025-10-02,referral,31909.15,5,39471.38,3,0,12
2025-10-02,search,156252.36,32,193041.37,3,0,12
2025-10-03,email,20179.77,20,117999.15000000001,4,0,13
2025-10-03,organic,4012.85,13,93706.06,4,0,13
2025-10-03,paid_social,148133.8,18,65432.1,4,0,13
2025-10-03,referral,32483.23,10,64485.06,4,0,13
2025-10-03,search,153731.31,33,210562.76,4,1,13
2025-10-04,email,17452.35,18,103984.37,5,0,13
2025-10-04,organic,4700.9400000000005,11,60380.81,5,0,13
2025-10-04,paid_social,127609.16,14,80379.6,5,0,13
2025-10-04,referral,33781.15,6,46482.86,5,0,13
2025-10-04,search,171700.47,34,234209.63,5,1,13
2025-10-05,email,19014.1,14,100862.77,6,0,13
2025-10-05,organic,4727.74,10,67046.31999999999,6,0,13
2025-10-05,paid_social,139819.8,19,114883.61,6,0,13
2025-10-05,referral,32778.65,8,52808.14,6,0,13
2025-10-05,search,174554.30000000002,31,207284.47,6,0,13
2025-10-06,email,18139.670000000002,13,70659.85,0,0,13
2025-10-06,organic,4645.2,9,60292.060000000005,0,0,13
2025-10-06,paid_social,126641.78,11,67686.45999999999,0,0,13
2025-10-06,referral,31657.95,4,30094.38,0,0,13
2025-10-06,search,148917.74,37,231311.8,0,1,13
2025-10-07,email,19900.28,20,138300.97,1,0,13
2025-10-07,organic,5312.37,9,60973.869999999995,1,0,13
2025-10-07,paid_social,163377.46,25,178688.74,1,0,13
2025-10-07,referral,35526.35,12,91723.78000000001,1,0,13
2025-10-07,search,192374.93,33,168461.37000000002,1,0,13
2025-10-08,email,15345.99,12,69872.89,2,0,13
2025-10-08,organic,3811.49,5,32346.03,2,0,13
2025-10-08,paid_social,115664.07,16,110780.81,2,0,13
2025-10-08,referral,26883.18,7,47951.07,2,0,13
2025-10-08,search,149139.55,23,161858.94,2,0,13
2025-10-09,email,16520.14,13,84620.58,3,0,13
2025-10-09,organic,4174.68,9,59517.10999999999,3,0,13
2025-10-09,paid_social,127146.39,16,104834.87,3,0,13
2025-10-09,referral,31066.71,3,24881.07,3,0,13
2025-10-09,search,155146.68,37,287194.74,3,1,13
2025-10-10,email,17550.809999999998,14,90613.29,4,0,14
2025-10-10,organic,5069.08,8,44631.35,4,0,14
2025-10-10,paid_social,123495.07,9,63384.880000000005,4,0,14
2025-10-10,referral,34298.68,12,60410.48,4,0,14
2025-10-10,search,162132.04,28,178530.1,4,0,14
2025-10-11,email,22047.32,4,30047.45,5,0,14
2025-10-11,organic,4867.54,9,59242.08,5,0,14
2025-10-11,paid_social,150033.72,13,77476.25,5,0,14
2025-10-11,referral,34502.49,2,15564.64,5,0,14
2025-10-11,search,193418.97,26,173500.22999999998,5,0,14
2025-10-12,email,20970.96,14,67690.32,6,0,14
2025-10-12,organic,4974.9400000000005,9,82556.58,6,0,14
2025-10-12,paid_social,148141.35,15,112035.61,6,0,14
2025-10-12,referral,33100.6,6,36070.74,6,0,14
2025-10-12,search,167597.13,26,174507.73,6,0,14
2025-10-13,email,17241.45,10,53422.56,0,0,14
2025-10-13,organic,4665.11,8,50890.58,0,0,14
2025-10-13,paid_social,124390.95000000001,12,82051.09,0,0,14
2025-10-13,referral,28407.96,4,42905.18,0,0,14
2025-10-13,search,150094.51,37,235582.32,0,1,14
2025-10-14,email,18704.64,11,55376.51,1,0,14
2025-10-14,organic,4403.49,10,61310.53,1,0,14
2025-10-14,paid_social,114608.28,10,50430.97,1,0,14
2025-10-14,referral,27232.16,12,73722.52,1,0,14
2025-10-14,search,152085.43,33,230822.36,1,1,14
2025-10-15,email,16912.59,8,49713.15,2,0,14
2025-10-15,organic,4485.52,8,57677.82,2,0,14
2025-10-15,paid_social,122865.6,21,110130.61,2,0,14
2025-10-15,referral,28699.7,11,59874.35,2,0,14
2025-10-15,search,138892.17,28,166198.91,2,0,14
2025-10-16,email,17737.69,15,95678.59,3,0,14
2025-10-16,organic,3958.36,13,80670.08,3,0,14
2025-10-16,paid_social,139043.93,13,73521.23,3,0,14
2025-10-16,referral,30475.96,4,33643.39,3,0,14
2025-10-16,search,142323.24,26,179741.62,3,0,14
2025-10-17,email,17644.23,18,150644.98,4,0,15
2025-10-17,organic,4561.99,8,40168.479999999996,4,0,15
2025-10-17,paid_social,138298.15,14,73205.99,4,0,15
2025-10-17,referral,33620.66,5,36110.06999999999,4,0,15
2025-10-17,search,180026.28,27,164378.14,4,0,15
2025-10-18,email,20681.52,10,91058.34,5,0,15
2025-10-18,organic,4370.42,16,89903.01000000001,5,0,15
2025-10-18,paid_social,146720.0,22,133350.45,5,0,15
2025-10-18,referral,33299.240000000005,7,54257.97,5,0,15
2025-10-18,search,148465.74,31,222619.77000000002,5,1,15
2025-10-19,email,19655.68,18,119255.59,6,0,15
2025-10-19,organic,4494.61,9,62991.06,6,0,15
2025-10-19,paid_social,149135.53,16,85980.26,6,0,15
2025-10-19,referral,34003.17,0,0.0,6,0,15
2025-10-19,search,183186.47,28,182581.37,6,0,15
2025-10-20,email,18816.309999999998,13,74509.81,0,0,15
2025-10-20,organic,4508.43,6,37116.04,0,0,15
2025-10-20,paid_social,103468.13,14,60808.31,0,0,15
2025-10-20,referral,30706.57,3,16475.57,0,0,15
2025-10-20,search,149182.4,27,194583.16,0,0,15
2025-10-21,email,15989.07,7,53865.71,1,0,15
2025-10-21,organic,4623.53,7,56450.990000000005,1,0,15
2025-10-21,paid_social,115997.16,19,100286.47,1,0,15
2025-10-21,referral,27782.239999999998,4,18302.46,1,0,15
2025-10-21,search,140023.66,29,161605.35,1,0,15
2025-10-22,email,16411.42,15,96159.35,2,0,15
2025-10-22,organic,4111.8,7,59430.56,2,0,15
2025-10-22,paid_social,122661.62,8,67425.36,2,0,15
2025-10-22,referral,32476.79,6,18779.14,2,0,15
2025-10-22,search,149880.25,26,169935.45,2,0,15
2025-10-23,email,23483.8,29,117418.87,3,0,15
2025-10-23,organic,5171.3,6,40831.92,3,0,15
2025-10-23,paid_social,170544.12,16,58706.14,3,0,15
2025-10-23,referral,40075.14,7,44716.66,3,0,15
2025-10-23,search,204086.95,28,157403.14,3,0,15
2025-10-24,email,18056.84,14,62871.72,4,0,16
2025-10-24,organic,4455.93,6,36959.11,4,0,16
2025-10-24,paid_social,139323.16999999998,17,100523.3,4,0,16
2025-10-24,referral,36095.9,7,50461.92,4,0,16
2025-10-24,search,148097.25,30,196246.11,4,0,16
2025-10-25,email,19675.73,13,98967.3,5,0,16
2025-10-25,organic,4598.07,7,40278.5,5,0,16
2025-10-25,paid_social,138463.63,14,94992.49,5,0,16
2025-10-25,referral,28538.559999999998,4,9787.74,5,0,16
2025-10-25,search,150893.48,31,234375.02,5,1,16
2025-10-26,email,21271.91,15,97133.6,6,0,16
2025-10-26,organic,4602.16,8,50068.89,6,0,16
2025-10-26,paid_social,152694.91,17,97802.32,6,0,16
2025-10-26,referral,37375.26,6,40709.76,6,0,16
2025-10-26,search,186405.91,36,272021.05,6,1,16
2025-10-27,email,21863.91,30,148942.51,0,0,16
2025-10-27,organic,5137.01,22,121661.01,0,0,16
2025-10-27,paid_social,179607.21,17,97027.27,0,0,16
2025-10-27,referral,34961.13,5,18769.48,0,0,16
2025-10-27,search,168326.1,35,277084.4,0,1,16
2025-10-28,email,16208.45,9,71703.06999999999,1,0,16
2025-10-28,organic,3646.56,4,26026.920000000002,1,0,16
2025-10-28,paid_social,120967.79999999999,16,106950.13,1,0,16
2025-10-28,referral,33048.44,5,18903.3,1,0,16
2025-10-28,search,132125.15,31,235822.76,1,1,16
2025-10-29,email,16030.1,12,67333.13,2,0,16
2025-10-29,organic,4259.06,8,42939.01,2,0,16
2025-10-29,paid_social,124375.29000000001,20,92376.09,2,0,16
2025-10-29,referral,30799.83,7,61889.229999999996,2,0,16
2025-10-29,search,170249.16,35,239620.64,2,1,16
2025-10-30,email,18228.940000000002,10,62435.130000000005,3,0,16
2025-10-30,organic,3902.1,7,43666.700000000004,3,0,16
2025-10-30,paid_social,149604.14,16,68444.18,3,0,16
2025-10-30,referral,28936.24,4,22996.379999999997,3,0,16
2025-10-30,search,135744.34,33,170693.55,3,0,16
2025-10-31,email,16126.23,10,51591.36,4,0,17
2025-10-31,organic,4331.02,9,49344.91,4,0,17
2025-10-31,paid_social,140867.92,17,103615.97,4,0,17
2025-10-31,referral,27058.16,5,39597.87,4,0,17
2025-10-31,search,149790.82,29,205146.65,4,0,17
2025-11-01,email,24838.489999999998,18,100916.72,5,0,17
2025-11-01,organic,6886.17,12,53787.09,5,0,17
2025-11-01,paid_social,172781.51,13,72829.15,5,0,17
2025-11-01,referral,44828.14,7,41319.02,5,0,17
2025-11-01,search,210277.67,39,217402.98,5,1,17
2025-11-02,email,25414.23,27,162101.94,6,0,17
2025-11-02,organic,6155.24,16,103908.72,6,0,17
2025-11-02,paid_social,220518.41999999998,19,100013.34,6,0,17
2025-11-02,referral,40901.04,12,62208.52,6,0,17
2025-11-02,search,230258.3,38,263251.44,6,1,17
2025-11-03,email,20055.36,13,104968.71,0,0,17
2025-11-03,organic,5039.16,20,110394.63,0,0,17
2025-11-03,paid_social,136240.22,18,124141.82,0,0,17
2025-11-03,referral,40393.3,8,42509.08,0,0,17
2025-11-03,search,205105.08,29,139600.4,0,0,17
2025-11-04,email,20079.02,8,42344.03,1,0,17
2025-11-04,organic,5693.6,13,70261.45,1,0,17
2025-11-04,paid_social,163317.47,22,113124.38,1,0,17
2025-11-04,referral,39732.700000000004,16,86754.0,1,0,17
2025-11-04,search,183152.99,38,280863.68,1,1,17
2025-11-05,email,20801.57,11,76508.47,2,0,17
2025-11-05,organic,4897.84,6,29256.129999999997,2,0,17
2025-11-05,paid_social,143145.99,16,81767.81999999999,2,0,17
2025-11-05,referral,31997.87,7,39113.3,2,0,17
2025-11-05,search,190994.94,38,204092.6,2,0,17
2025-11-06,email,23211.8,23,144336.08,3,0,17
2025-11-06,organic,5347.95,16,97213.39,3,0,17
2025-11-06,paid_social,154588.6,26,105103.25,3,0,17
2025-11-06,referral,36063.67,3,10495.68,3,0,17
2025-11-06,search,199365.34,36,244379.39,3,1,17
2025-11-07,email,22057.68,31,227279.15,4,1,18
2025-11-07,organic,6034.01,13,62557.94,4,0,18
2025-11-07,paid_social,172500.23,30,154252.0,4,0,18
2025-11-07,referral,39280.45,13,76567.56999999999,4,0,18
2025-11-07,search,199005.9,27,158200.5,4,0,18
2025-11-08,email,21491.81,13,73342.17,5,0,18
2025-11-08,organic,4638.53,9,53969.770000000004,5,0,18
2025-11-08,paid_social,149416.71,18,120402.85,5,0,18
2025-11-08,referral,30654.7,6,24520.71,5,0,18
2025-11-08,search,142249.22,34,259478.85,5,1,18
2025-11-09,email,19435.49,16,94416.31,6,0,18
2025-11-09,organic,4481.49,9,45963.2,6,0,18
2025-11-09,paid_social,143776.44,24,118892.67,6,0,18
2025-11-09,referral,34054.01,8,56422.78999999999,6,0,18
2025-11-09,search,172366.5,32,204084.03,6,0,18
2025-11-10,email,16841.7,13,57735.2,0,0,18
2025-11-10,organic,4193.06,9,55977.73,0,0,18
2025-11-10,paid_social,124230.79999999999,18,111281.75,0,0,18
2025-11-10,referral,27509.8,7,36355.75,0,0,18
2025-11-10,search,138856.77,32,199010.28999999998,0,0,18
2025-11-11,email,17257.27,8,56147.39,1,0,18
2025-11-11,organic,5457.27,10,80146.49,1,0,18
2025-11-11,paid_social,139457.78,22,137464.38,1,0,18
2025-11-11,referral,29042.35,6,59262.44,1,0,18
2025-11-11,search,148628.11,31,183783.2,1,0,18
2025-11-12,email,15003.3,11,54394.53,2,0,18
2025-11-12,organic,5197.5,3,15970.59,2,0,18
2025-11-12,paid_social,142065.69,17,95389.18,2,0,18
2025-11-12,referral,28189.41,9,57623.7,2,0,18
2025-11-12,search,145645.88,31,204561.32,2,0,18
2025-11-13,email,17992.71,13,101960.25,3,0,18
2025-11-13,organic,4710.72,7,41396.44,3,0,18
2025-11-13,paid_social,122395.3,11,66623.0,3,0,18
2025-11-13,referral,28530.86,5,42560.38,3,0,18
2025-11-13,search,141270.74,33,256466.06,3,1,18
2025-11-14,email,17299.920000000002,5,25425.79,4,0,19
2025-11-14,organic,5088.09,6,58941.85,4,0,19
2025-11-14,paid_social,106949.6,11,61768.59,4,0,19
2025-11-14,referral,34089.09,5,35510.17,4,0,19
2025-11-14,search,178856.35,43,332461.53,4,1,19
2025-11-15,email,22411.440000000002,9,62077.91,5,0,19
2025-11-15,organic,4663.29,3,22399.76,5,0,19
2025-11-15,paid_social,146886.38,10,61731.619999999995,5,0,19
2025-11-15,referral,36730.79,1,2514.33,5,0,19
2025-11-15,search,172251.99,33,227688.96000000002,5,1,19
2025-11-16,email,16632.579999999998,17,121120.01000000001,6,0,19
2025-11-16,organic,5293.33,13,67615.77,6,0,19
2025-11-16,paid_social,158562.43,15,96121.06000000001,6,0,19
2025-11-16,referral,42607.64,13,84070.93,6,0,19
2025-11-16,search,182343.79,32,189969.92,6,0,19
2025-11-17,email,17827.85,11,65024.46000000001,0,0,19
2025-11-17,organic,3861.43,13,64511.43,0,0,19
2025-11-17,paid_social,141390.6,14,112843.47,0,0,19
2025-11-17,referral,32110.25,10,74598.79000000001,0,0,19
2025-11-17,search,157330.91,30,228164.05,0,1,19
2025-11-18,email,16820.32,15,97597.89000000001,1,0,19
2025-11-18,organic,4405.52,13,86490.41,1,0,19
2025-11-18,paid_social,131324.42,11,55172.58,1,0,19
2025-11-18,referral,22650.86,6,48892.15,1,0,19
2025-11-18,search,146463.95,39,232571.37,1,1,19
2025-11-19,email,18925.54,22,156244.97,2,0,19
2025-11-19,organic,4222.610000000001,9,50348.65,2,0,19
2025-11-19,paid_social,101601.26,13,86609.71,2,0,19
2025-11-19,referral,25003.09,8,46956.020000000004,2,0,19
2025-11-19,search,151026.24,32,196658.78,2,0,19
2025-11-20,email,18857.83,12,64725.630000000005,3,0,19
2025-11-20,organic,3653.94,8,51939.55,3,0,19
2025-11-20,paid_social,133263.13,11,36571.3,3,0,19
2025-11-20,referral,31491.28,5,31683.93,3,0,19
2025-11-20,search,182486.75,27,224031.55,3,1,19
2025-11-21,email,20238.82,10,40115.409999999996,4,0,20
2025-11-21,organic,4253.23,12,86793.09999999999,4,0,20
2025-11-21,paid_social,136520.1,8,35612.35,4,0,20
2025-11-21,referral,32805.37,3,14907.49,4,0,20
2025-11-21,search,152887.83,25,203818.67,4,0,20
2025-11-22,email,19039.16,14,100142.82,5,0,20
2025-11-22,organic,5036.02,9,52930.12,5,0,20
2025-11-22,paid_social,156137.78999999998,26,179229.64,5,0,20
2025-11-22,referral,39444.64,8,74511.01999999999,5,0,20
2025-11-22,search,174324.02,37,233248.33000000002,5,1,20
2025-11-23,email,19425.0,20,155593.97,6,0,20
2025-11-23,organic,5685.98,9,47225.880000000005,6,0,20
2025-11-23,paid_social,155467.73,16,86605.44,6,0,20
2025-11-23,referral,36595.28,7,63156.450000000004,6,0,20
2025-11-23,search,181893.22999999998,26,183485.11,6,0,20
2025-11-24,email,17849.53,10,68459.31,0,0,20
2025-11-24,organic,4094.76,12,41624.24,0,0,20
2025-11-24,paid_social,142600.95,18,95919.74999999999,0,0,20
2025-11-24,referral,28358.79,5,35177.61,0,0,20
2025-11-24,search,146051.52,28,200313.67,0,0,20
2025-11-25,email,18670.56,8,23418.829999999998,1,0,20
2025-11-25,organic,4695.24,17,107558.76999999999,1,0,20
2025-11-25,paid_social,96364.51,15,88667.72,1,0,20
2025-11-25,referral,26199.78,5,27731.84,1,0,20
2025-11-25,search,146464.62,27,168525.53,1,0,20
2025-11-26,email,16309.74,15,104033.59,2,0,20
2025-11-26,organic,3751.52,5,39030.32,2,0,20
2025-11-26,paid_social,126578.88,20,117771.98999999999,2,0,20
2025-11-26,referral,28104.06,6,43687.43,2,0,20
2025-11-26,search,163160.64,29,203755.88,2,0,20
2025-11-27,email,17072.54,19,125080.99,3,0,20
2025-11-27,organic,3673.0299999999997,6,35540.53,3,0,20
2025-11-27,paid_social,120858.56999999999,14,86867.37,3,0,20
2025-11-27,referral,28063.31,5,34917.1,3,0,20
2025-11-27,search,154942.62,41,262421.89,3,1,20
2025-11-28,email,16788.71,12,78518.02,4,0,21
2025-11-28,organic,3857.23,6,35255.9,4,0,21
2025-11-28,paid_social,121025.8,14,70839.72,4,0,21
2025-11-28,referral,29057.67,13,93635.47,4,0,21
2025-11-28,search,151320.13,34,263247.09,4,1,21
2025-11-29,email,13641.79,15,128737.86,5,0,21
2025-11-29,organic,4610.1900000000005,8,43574.78,5,0,21
2025-11-29,paid_social,155045.34,13,65131.39,5,0,21
2025-11-29,referral,37612.08,11,65216.74,5,0,21
2025-11-29,search,174621.82,46,340551.04000000004,5,1,21
2025-11-30,email,22664.34,12,76314.83,6,0,21
2025-11-30,organic,5207.97,11,50891.43,6,0,21
2025-11-30,paid_social,156224.35,18,92636.06,6,0,21
2025-11-30,referral,37176.36,8,58345.36,6,0,21
2025-11-30,search,191358.07,41,293167.66,6,1,21
2025-12-01,email,16384.27,13,62120.18,0,0,21
2025-12-01,organic,4700.5599999999995,17,76733.65,0,0,21
2025-12-01,paid_social,111298.9,12,69408.57,0,0,21
2025-12-01,referral,31183.79,10,61033.22,0,0,21
2025-12-01,search,167999.32,35,236475.83,0,1,21
2025-12-02,email,18194.88,20,143716.78,1,0,21
2025-12-02,organic,4912.889999999999,7,42563.259999999995,1,0,21
2025-12-02,paid_social,133123.99,7,38463.75,1,0,21
2025-12-02,referral,26900.53,6,43369.479999999996,1,0,21
2025-12-02,search,160881.67,21,145930.5,1,0,21
2025-12-03,email,17379.14,17,99903.95,2,0,21
2025-12-03,organic,3705.66,6,34282.12,2,0,21
2025-12-03,paid_social,138747.82,17,112249.90000000001,2,0,21
2025-12-03,referral,28845.1,4,38370.76,2,0,21
2025-12-03,search,170740.58000000002,21,127307.29999999999,2,0,21
2025-12-04,email,16329.83,10,62357.5,3,0,21
2025-12-04,organic,3648.33,11,52749.990000000005,3,0,21
2025-12-04,paid_social,141806.23,24,128479.91,3,0,21
2025-12-04,referral,30976.28,10,54602.200000000004,3,0,21
2025-12-04,search,185178.13,33,229521.82,3,1,21
2025-12-05,email,17948.96,3,31208.660000000003,4,0,22
2025-12-05,organic,4392.62,11,62271.17999999999,4,0,22
2025-12-05,paid_social,125897.78,17,78845.02,4,0,22
2025-12-05,referral,34100.14,8,55675.840000000004,4,0,22
2025-12-05,search,205695.0,31,229755.4,4,1,22
2025-12-06,email,20322.96,15,79739.52,5,0,22
2025-12-06,organic,5055.22,13,94634.72,5,0,22
2025-12-06,paid_social,153693.64,15,94797.2,5,0,22
2025-12-06,referral,26006.75,7,43329.95,5,0,22
2025-12-06,search,195145.57,38,284872.11,5,1,22
2025-12-07,email,22156.52,22,151539.62000000002,6,0,22
2025-12-07,organic,4824.83,14,89235.87999999999,6,0,22
2025-12-07,paid_social,161677.05,9,42782.990000000005,6,0,22
2025-12-07,referral,37047.67,8,56872.439999999995,6,0,22
2025-12-07,search,172308.29,32,227720.09,6,1,22
2025-12-08,email,16322.25,21,123224.14,0,0,22
2025-12-08,organic,4192.72,5,27228.09,0,0,22
2025-12-08,paid_social,130537.20999999999,21,139968.3,0,0,22
2025-12-08,referral,31066.43,11,83087.94,0,0,22
2025-12-08,search,182020.37,33,244420.09000000003,0,1,22
2025-12-09,email,18756.97,17,101229.31,1,0,22
2025-12-09,organic,4748.35,7,33220.240000000005,1,0,22
2025-12-09,paid_social,113608.07,16,76841.59,1,0,22
2025-12-09,referral,26940.170000000002,4,29006.5,1,0,22
2025-12-09,search,144818.57,27,172130.12,1,0,22
2025-12-10,email,16241.74,13,88196.76,2,0,22
2025-12-10,organic,4592.51,9,43960.83,2,0,22
2025-12-10,paid_social,116774.93,17,98521.01000000001,2,0,22
2025-12-10,referral,27721.670000000002,5,26935.579999999998,2,0,22
2025-12-10,search,130207.98,33,230091.67,2,1,22
2025-12-11,email,15239.369999999999,15,121248.3,3,0,22
2025-12-11,organic,4279.66,11,58465.7,3,0,22
2025-12-11,paid_social,133104.24,17,72528.29000000001,3,0,22
2025-12-11,referral,21434.2,4,20273.100000000002,3,0,22
2025-12-11,search,185277.26,24,155523.91999999998,3,0,22
2025-12-12,email,18226.96,14,125498.47,4,0,23
2025-12-12,organic,4692.9400000000005,10,65235.08,4,0,23
2025-12-12,paid_social,135900.84,14,65881.39,4,0,23
2025-12-12,referral,33177.94,10,59570.11,4,0,23
2025-12-12,search,165181.55,29,196610.88999999998,4,0,23
2025-12-13,email,19967.93,8,47060.3,5,0,23
2025-12-13,organic,4432.53,11,67514.35,5,0,23
2025-12-13,paid_social,148626.56,20,155010.0,5,0,23
2025-12-13,referral,37504.42,8,54880.44,5,0,23
2025-12-13,search,191221.05,44,314259.38,5,1,23
2025-12-14,email,18236.57,14,93750.59,6,0,23
2025-12-14,organic,5161.86,10,75817.66,6,0,23
2025-12-14,paid_social,169012.33000000002,17,87060.48,6,0,23
2025-12-14,referral,33939.590000000004,4,22254.58,6,0,23
2025-12-14,search,149914.52,36,214859.29,6,1,23
2025-12-15,email,18370.43,12,94981.0,0,0,23
2025-12-15,organic,4656.4400000000005,7,29787.97,0,0,23
2025-12-15,paid_social,116484.65,20,140750.94,0,0,23
2025-12-15,referral,30054.19,6,43707.979999999996,0,0,23
2025-12-15,search,146559.82,31,230373.45,0,1,23
2025-12-16,email,16529.35,10,53945.75,1,0,23
2025-12-16,organic,4876.4,12,70921.35,1,0,23
2025-12-16,paid_social,133257.26,12,79204.25,1,0,23
2025-12-16,referral,28201.3,4,15935.23,1,0,23
2025-12-16,search,172516.46,30,168254.28,1,0,23
2025-12-17,email,21974.989999999998,11,66597.8,2,0,23
2025-12-17,organic,4211.24,6,41642.13,2,0,23
2025-12-17,paid_social,137774.52000000002,16,91199.5,2,0,23
2025-12-17,referral,28335.06,5,25281.850000000002,2,0,23
2025-12-17,search,155334.6,26,156114.53999999998,2,0,23
2025-12-18,email,17817.37,7,58079.93,3,0,23
2025-12-18,organic,4011.94,11,60544.58,3,0,23
2025-12-18,paid_social,126397.64,15,77647.02,3,0,23
2025-12-18,referral,30051.62,7,59708.68,3,0,23
2025-12-18,search,176420.49,36,202466.22,3,0,23
2025-12-19,email,18132.86,12,58910.71,4,0,24
2025-12-19,organic,4306.53,5,31158.7,4,0,24
2025-12-19,paid_social,135174.64,13,66163.32,4,0,24
2025-12-19,referral,35344.18,6,40346.0,4,0,24
2025-12-19,search,160217.34,32,202552.7,4,0,24
2025-12-20,email,20693.87,23,156594.67,5,0,24
2025-12-20,organic,4885.58,12,64191.34,5,0,24
2025-12-20,paid_social,143094.19,20,80526.57,5,0,24
2025-12-20,referral,34477.39,2,9573.64,5,0,24
2025-12-20,search,213958.77,34,231817.76,5,1,24
2025-12-21,email,17458.11,13,90689.29000000001,6,0,24
2025-12-21,organic,5555.4400000000005,10,61145.11,6,0,24
2025-12-21,paid_social,150943.3,14,88282.94,6,0,24
2025-12-21,referral,39567.0,7,29742.16,6,0,24
2025-12-21,search,191343.17,40,259978.0,6,1,24
2025-12-22,email,15242.310000000001,17,148009.99,0,0,24
2025-12-22,organic,4103.21,7,28848.920000000002,0,0,24
2025-12-22,paid_social,130834.66,8,22973.98,0,0,24
2025-12-22,referral,26777.25,5,26446.39,0,0,24
2025-12-22,search,146416.58,16,117146.89,0,0,24
2025-12-23,email,17550.19,20,120066.04000000001,1,0,24
2025-12-23,organic,3939.85,12,32356.940000000002,1,0,24
2025-12-23,paid_social,123809.93,14,92705.88,1,0,24
2025-12-23,referral,29625.09,6,54024.92,1,0,24
2025-12-23,search,164263.0,28,200644.49,1,0,24
2025-12-24,email,14269.8,15,81081.05,2,0,24
2025-12-24,organic,4338.889999999999,6,43501.57000000001,2,0,24
2025-12-24,paid_social,109393.17,13,75069.31999999999,2,0,24
2025-12-24,referral,32179.79,4,25244.29,2,0,24
2025-12-24,search,153078.38999999998,32,242467.77000000002,2,1,24
2025-12-25,email,18587.01,15,93809.22,3,0,24
2025-12-25,organic,4881.9,11,72188.92,3,0,24
2025-12-25,paid_social,112267.57,8,57275.979999999996,3,0,24
2025-12-25,referral,30068.34,4,24760.590000000004,3,0,24
2025-12-25,search,149892.87,39,279906.2,3,1,24
2025-12-26,email,22912.01,26,150611.38,4,0,25
2025-12-26,organic,5428.07,18,132021.52000000002,4,0,25
2025-12-26,paid_social,150804.07,28,168985.57,4,0,25
2025-12-26,referral,40084.49,9,46888.659999999996,4,0,25
2025-12-26,search,198363.13,43,254128.32,4,1,25
2025-12-27,email,24847.02,26,159446.03,5,0,25
2025-12-27,organic,6184.79,14,82788.07,5,0,25
2025-12-27,paid_social,207165.64,30,158092.29,5,0,25
2025-12-27,referral,45520.15,12,44528.36,5,0,25
2025-12-27,search,251118.21,37,231800.95,5,1,25
2025-12-28,email,28156.38,23,132084.22,6,0,25
2025-12-28,organic,6794.99,13,79615.48999999999,6,0,25
2025-12-28,paid_social,211202.07,32,189505.56,6,0,25
2025-12-28,referral,50894.520000000004,11,69711.33,6,0,25
2025-12-28,search,220957.51,35,208762.46,6,0,25
2025-12-29,email,21724.64,25,146609.45,0,0,25
2025-12-29,organic,5855.7,19,98213.51,0,0,25
2025-12-29,paid_social,160088.63,24,121263.98999999999,0,0,25
2025-12-29,referral,35592.49,3,12800.57,0,0,25
2025-12-29,search,207382.73,47,299317.67,0,1,25
2025-12-30,email,23898.03,23,142594.75,1,0,25
2025-12-30,organic,5167.05,12,72640.57,1,0,25
2025-12-30,paid_social,175114.47,21,110771.95999999999,1,0,25
2025-12-30,referral,37039.01,8,31042.61,1,0,25
2025-12-30,search,213748.97,40,245500.47,1,1,25
2025-12-31,email,21965.92,25,167061.46000000002,2,0,25
2025-12-31,organic,5192.88,16,102224.35,2,0,25
2025-12-31,paid_social,146348.06,22,136137.48,2,0,25
2025-12-31,referral,29811.19,17,116086.03,2,0,25
2025-12-31,search,191542.32,40,272760.16000000003,2,1,25
2026-01-01,email,18657.11,14,83484.53,3,0,25
2026-01-01,organic,6162.3,12,84734.17,3,0,25
2026-01-01,paid_social,151086.95,23,97221.74,3,0,25
2026-01-01,referral,34561.88,7,57227.61000000001,3,0,25
2026-01-01,search,173693.09,43,278895.98,3,1,25
2026-01-02,email,18845.47,17,108233.65000000001,4,0,26
2026-01-02,organic,4455.04,9,56254.490000000005,4,0,26
2026-01-02,paid_social,145193.19,15,66585.19,4,0,26
2026-01-02,referral,30621.5,5,23305.2,4,0,26
2026-01-02,search,149198.24,31,186019.16999999998,4,0,26
2026-01-03,email,21165.9,21,123516.27,5,0,26
2026-01-03,organic,5006.15,7,32269.820000000003,5,0,26
2026-01-03,paid_social,146119.54,2,12558.99,5,0,26
2026-01-03,referral,33227.67,8,51992.61,5,0,26
2026-01-03,search,192710.02000000002,24,178266.45,5,0,26
2026-01-04,email,21554.25,11,83627.82,6,0,26
2026-01-04,organic,5005.21,10,73660.82,6,0,26
2026-01-04,paid_social,149226.64,12,90789.43,6,0,26
2026-01-04,referral,40603.65,11,78481.31999999999,6,0,26
2026-01-04,search,180968.74,28,215493.94,6,1,26
2026-01-05,email,18397.37,23,127255.54999999999,0,0,26
2026-01-05,organic,3624.9500000000003,12,81142.74,0,0,26
2026-01-05,paid_social,132525.63,12,58864.8,0,0,26
2026-01-05,referral,28475.12,6,38176.74,0,0,26
2026-01-05,search,185493.79,27,167382.62,0,0,26
2026-01-06,email,15194.93,14,62988.93,1,0,26
2026-01-06,organic,4784.41,6,37509.77,1,0,26
2026-01-06,paid_social,110530.05,15,77166.67,1,0,26
2026-01-06,referral,30116.0,9,51150.17999999999,1,0,26
2026-01-06,search,165337.73,28,178819.31,1,0,26
2026-01-07,email,16712.6,17,103886.8,2,0,26
2026-01-07,organic,4748.66,5,35306.44,2,0,26
2026-01-07,paid_social,100285.01,8,44154.78,2,0,26
2026-01-07,referral,28876.2,5,24912.26,2,0,26
2026-01-07,search,170620.49,19,121998.85,2,0,26
2026-01-08,email,17653.38,7,54885.83,3,0,26
2026-01-08,organic,4959.63,15,102249.72,3,0,26
2026-01-08,paid_social,139124.63,14,65605.9,3,0,26
2026-01-08,referral,34520.19,5,26862.18,3,0,26
2026-01-08,search,156763.14,42,256810.39,3,1,26
2026-01-09,email,19380.79,11,70458.17,4,0,27
2026-01-09,organic,4836.98,11,57227.74,4,0,27
2026-01-09,paid_social,129988.82,19,133382.99,4,0,27
2026-01-09,referral,33804.8,8,65695.52,4,0,27
2026-01-09,search,147574.37,26,178113.28999999998,4,0,27
2026-01-10,email,21655.82,10,62956.47,5,0,27
2026-01-10,organic,4670.01,15,62301.95,5,0,27
2026-01-10,paid_social,153174.56,18,138933.56,5,0,27
2026-01-10,referral,36376.58,5,27706.68,5,0,27
2026-01-10,search,167147.47,34,227987.77,5,1,27
2026-01-11,email,20032.190000000002,20,129624.33,6,0,27
2026-01-11,organic,4831.92,11,63898.649999999994,6,0,27
2026-01-11,paid_social,156108.49,7,47669.28,6,0,27
2026-01-11,referral,37393.79,7,35651.78,6,0,27
2026-01-11,search,211185.11000000002,41,278985.17,6,1,27
2026-01-12,email,18559.78,15,103200.86,0,0,27
2026-01-12,organic,4437.62,9,71816.34,0,0,27
2026-01-12,paid_social,145193.1,16,114295.57,0,0,27
2026-01-12,referral,32062.49,8,46211.490000000005,0,0,27
2026-01-12,search,144601.66,28,179922.7,0,0,27
2026-01-13,email,16235.9,14,68461.97,1,0,27
2026-01-13,organic,4988.7,5,26817.16,1,0,27
2026-01-13,paid_social,134881.25,13,77469.39,1,0,27
2026-01-13,referral,30836.35,3,11300.119999999999,1,0,27
2026-01-13,search,151259.91,35,263403.47,1,1,27
2026-01-14,email,20311.33,8,61834.46000000001,2,0,27
2026-01-14,organic,4759.1900000000005,11,71645.16,2,0,27
2026-01-14,paid_social,135236.85,23,112032.22,2,0,27
2026-01-14,referral,29007.34,8,59714.77,2,0,27
2026-01-14,search,145965.79,29,197331.86000000002,2,0,27
2026-01-15,email,18358.37,17,102596.99,3,0,27
2026-01-15,organic,4373.17,9,45897.83,3,0,27
2026-01-15,paid_social,140775.47999999998,14,90648.19,3,0,27
2026-01-15,referral,36358.69,4,24542.92,3,0,27
2026-01-15,search,165137.83,25,158937.33,3,0,27
2026-01-16,email,21207.43,12,83323.47,4,0,28
2026-01-16,organic,4531.8,6,37048.22,4,0,28
2026-01-16,paid_social,146591.14,15,110629.8,4,0,28
2026-01-16,referral,31940.59,3,21581.2,4,0,28
2026-01-16,search,180756.59,29,182497.28,4,0,28
2026-01-17,email,19660.01,8,57896.91,5,0,28
2026-01-17,organic,4995.6900000000005,8,61895.840000000004,5,0,28
2026-01-17,paid_social,159020.4,21,115303.0,5,0,28
2026-01-17,referral,36555.99,7,40761.8,5,0,28
2026-01-17,search,183886.62,43,292386.05,5,1,28
2026-01-18,email,20869.77,16,91242.38,6,0,28
2026-01-18,organic,5302.53,10,56560.7,6,0,28
2026-01-18,paid_social,157113.78,16,96263.22,6,0,28
2026-01-18,referral,32292.260000000002,8,58953.490000000005,6,0,28
2026-01-18,search,189253.57,30,187328.45,6,0,28
2026-01-19,email,18477.16,17,120238.24,0,0,28
2026-01-19,organic,4061.82,7,31532.88,0,0,28
2026-01-19,paid_social,144578.01,11,62784.29,0,0,28
2026-01-19,referral,33622.28,1,4253.0,0,0,28
2026-01-19,search,145860.95,38,251330.48,0,1,28
2026-01-20,email,19066.42,11,70682.56,1,0,28
2026-01-20,organic,4733.82,9,65624.09,1,0,28
2026-01-20,paid_social,144152.32,14,92422.32,1,0,28
2026-01-20,referral,30746.29,9,46385.46,1,0,28
2026-01-20,search,130217.51,25,147657.4,1,0,28
2026-01-21,email,18515.6,26,189675.52,2,0,28
2026-01-21,organic,4923.59,12,72619.43,2,0,28
2026-01-21,paid_social,125098.97,9,40539.740000000005,2,0,28
2026-01-21,referral,30847.32,5,26377.09,2,0,28
2026-01-21,search,167313.43,34,207493.47,2,0,28
2026-01-22,email,18308.85,11,57184.350000000006,3,0,28
2026-01-22,organic,4730.77,11,87883.72,3,0,28
2026-01-22,paid_social,120281.72,16,99695.42000000001,3,0,28
2026-01-22,referral,31357.23,5,32465.410000000003,3,0,28
2026-01-22,search,174104.49,32,191864.3,3,0,28
2026-01-23,email,16281.28,7,55699.19,4,0,29
2026-01-23,organic,4410.8099999999995,8,37109.87,4,0,29
2026-01-23,paid_social,167854.88999999998,14,70618.42,4,0,29
2026-01-23,referral,30203.38,7,32816.64,4,0,29
2026-01-23,search,164055.88,23,158015.12,4,0,29
2026-01-24,email,19152.49,9,51711.97,5,0,29
2026-01-24,organic,5026.56,16,118844.36,5,0,29
2026-01-24,paid_social,146840.07,12,64125.9,5,0,29
2026-01-24,referral,36008.29,6,32249.54,5,0,29
2026-01-24,search,169772.33,37,248413.97999999998,5,1,29
2026-01-25,email,18954.02,11,77027.6,6,0,29
2026-01-25,organic,5473.62,13,59940.45,6,0,29
2026-01-25,paid_social,166034.83000000002,17,64187.1,6,0,29
2026-01-25,referral,36362.31,8,30340.440000000002,6,0,29
2026-01-25,search,192862.59,43,295427.29000000004,6,1,29
2026-01-26,email,19130.59,13,75759.99,0,0,29
2026-01-26,organic,4486.34,14,81824.58,0,0,29
2026-01-26,paid_social,116765.77,10,65812.25,0,0,29
2026-01-26,referral,30164.339999999997,5,11705.28,0,0,29
2026-01-26,search,189468.74,30,216217.55000000002,0,1,29
2026-01-27,email,18738.05,17,105643.6,1,0,29
2026-01-27,organic,4267.76,6,34213.58,1,0,29
2026-01-27,paid_social,134654.87,18,113468.94,1,0,29
2026-01-27,referral,30694.84,6,24781.190000000002,1,0,29
2026-01-27,search,156208.05,30,199050.82,1,0,29
2026-01-28,email,18011.16,11,80201.78,2,0,29
2026-01-28,organic,3911.05,8,62038.89000000001,2,0,29
2026-01-28,paid_social,130233.92,14,80239.37,2,0,29
2026-01-28,referral,29967.879999999997,3,16380.12,2,0,29
2026-01-28,search,163006.22,39,218665.86,2,1,29
2026-01-29,email,16131.5,7,44366.97,3,0,29
2026-01-29,organic,4974.37,8,39646.55,3,0,29
2026-01-29,paid_social,142840.44,13,70345.81,3,0,29
2026-01-29,referral,25443.75,4,20970.75,3,0,29
2026-01-29,search,152120.02,28,196970.99000000002,3,0,29
2026-01-30,email,17937.16,16,106307.83,4,0,30
2026-01-30,organic,5235.51,11,81682.34999999999,4,0,30
2026-01-30,paid_social,137895.5,11,49943.829999999994,4,0,30
2026-01-30,referral,30629.32,2,22353.18,4,0,30
2026-01-30,search,164562.52000000002,27,186224.9,4,0,30
